previous_status,next_status,previous_position,finality,era,n,probability
DNF,DNF,1,final,2010-2019,28,0.027184466019417475
DNF,DNF,1,final,2020+,83,0.043229166666666666
DNF,DNF,1,nonfinal,2010-2019,1157,0.0770306258322237
DNF,DNF,1,nonfinal,2020+,1315,0.07062677909662173
DNF,DNF,1,nonfinal,pre2010,81,0.10384615384615385
DNF,DNF,2,final,2010-2019,34,0.03225806451612903
DNF,DNF,2,final,2020+,85,0.042821158690176324
DNF,DNF,2,final,pre2010,1,0.01694915254237288
DNF,DNF,2,nonfinal,2010-2019,970,0.06807495262825461
DNF,DNF,2,nonfinal,2020+,1143,0.06008200168208579
DNF,DNF,2,nonfinal,pre2010,50,0.08680555555555555
DNF,DNF,3,final,2010-2019,42,0.03790613718411552
DNF,DNF,3,final,2020+,107,0.05166586190246258
DNF,DNF,3,final,pre2010,2,0.03571428571428571
DNF,DNF,3,nonfinal,2010-2019,905,0.06533352584464337
DNF,DNF,3,nonfinal,2020+,1137,0.059360968988200896
DNF,DNF,3,nonfinal,pre2010,36,0.07142857142857142
DNF,DNF,4,final,2010-2019,49,0.04198800342759212
DNF,DNF,4,final,2020+,112,0.05070167496604799
DNF,DNF,4,final,pre2010,3,0.05660377358490566
DNF,DNF,4,nonfinal,2010-2019,930,0.06871582680656126
DNF,DNF,4,nonfinal,2020+,1206,0.06452303247552298
DNF,DNF,4,nonfinal,pre2010,44,0.09224318658280922
DNF,DNF,5,final,2020+,1,1.0
DNF,DNS,1,final,2010-2019,1,0.000970873786407767
DNF,DNS,1,final,2020+,2,0.0010416666666666667
DNF,DNS,1,nonfinal,2010-2019,57,0.003794940079893475
DNF,DNS,1,nonfinal,2020+,46,0.002470594553950266
DNF,DNS,1,nonfinal,pre2010,9,0.011538461538461539
DNF,DNS,2,final,2010-2019,4,0.003795066413662239
DNF,DNS,2,final,2020+,15,0.007556675062972292
DNF,DNS,2,final,pre2010,3,0.05084745762711865
DNF,DNS,2,nonfinal,2010-2019,145,0.01017615271247105
DNF,DNS,2,nonfinal,2020+,138,0.007253994953742641
DNF,DNS,2,nonfinal,pre2010,4,0.006944444444444444
DNF,DNS,3,final,2010-2019,14,0.01263537906137184
DNF,DNS,3,final,2020+,19,0.009174311926605505
DNF,DNS,3,nonfinal,2010-2019,131,0.00945711810568871
DNF,DNS,3,nonfinal,2020+,148,0.007726845567505482
DNF,DNS,3,nonfinal,pre2010,9,0.017857142857142856
DNF,DNS,4,final,2010-2019,11,0.009425878320479864
DNF,DNS,4,final,2020+,15,0.006790402897238569
DNF,DNS,4,final,pre2010,1,0.018867924528301886
DNF,DNS,4,nonfinal,2010-2019,148,0.010935421900398996
DNF,DNS,4,nonfinal,2020+,174,0.009309293242737146
DNF,DNS,4,nonfinal,pre2010,9,0.018867924528301886
DNF,VALID,1,final,2010-2019,1001,0.9718446601941747
DNF,VALID,1,final,2020+,1835,0.9557291666666666
DNF,VALID,1,final,pre2010,53,1.0
DNF,VALID,1,nonfinal,2010-2019,13806,0.9191744340878828
DNF,VALID,1,nonfinal,2020+,17258,0.926902626349428
DNF,VALID,1,nonfinal,pre2010,690,0.8846153846153846
DNF,VALID,2,final,2010-2019,1016,0.9639468690702088
DNF,VALID,2,final,2020+,1885,0.9496221662468514
DNF,VALID,2,final,pre2010,55,0.9322033898305084
DNF,VALID,2,nonfinal,2010-2019,13134,0.9217488946592743
DNF,VALID,2,nonfinal,2020+,17743,0.9326640033641715
DNF,VALID,2,nonfinal,pre2010,522,0.90625
DNF,VALID,3,final,2010-2019,1052,0.9494584837545126
DNF,VALID,3,final,2020+,1945,0.939159826170932
DNF,VALID,3,final,pre2010,54,0.9642857142857143
DNF,VALID,3,nonfinal,2010-2019,12816,0.9252093560496679
DNF,VALID,3,nonfinal,2020+,17869,0.9329121854442937
DNF,VALID,3,nonfinal,pre2010,459,0.9107142857142857
DNF,VALID,4,final,2010-2019,1107,0.9485861182519281
DNF,VALID,4,final,2020+,2082,0.9425079221367134
DNF,VALID,4,final,pre2010,49,0.9245283018867925
DNF,VALID,4,nonfinal,2010-2019,12456,0.9203487512930397
DNF,VALID,4,nonfinal,2020+,17311,0.9261676742817398
DNF,VALID,4,nonfinal,pre2010,424,0.8888888888888888
DNF,VALID,6,final,2020+,1,1.0
DNF,VALID,9,final,2020+,2,1.0
DNF,VALID,10,final,2020+,2,1.0
DNF,VALID,11,final,2020+,2,1.0
DNF,VALID,13,final,2020+,1,1.0
DNF,VALID,16,final,2020+,1,1.0
DNF,VALID,17,final,2020+,2,1.0
DNF,VALID,18,final,2020+,1,1.0
DNF,VALID,21,final,2020+,2,1.0
DNF,VALID,23,final,2020+,1,1.0
DNF,VALID,27,final,2020+,1,1.0
DNF,VALID,30,final,2020+,1,1.0
DNS,DNF,1,nonfinal,2010-2019,4,0.043478260869565216
DNS,DNF,1,nonfinal,pre2010,1,0.07692307692307693
DNS,DNF,2,nonfinal,2010-2019,5,0.029940119760479042
DNS,DNF,2,nonfinal,2020+,1,0.012195121951219513
DNS,DNF,3,nonfinal,2010-2019,1,0.0030959752321981426
DNS,DNF,3,nonfinal,pre2010,1,0.018518518518518517
DNS,DNF,4,nonfinal,2010-2019,3,0.006060606060606061
DNS,DNF,4,nonfinal,2020+,1,0.002232142857142857
DNS,DNS,1,nonfinal,2010-2019,3,0.03260869565217391
DNS,DNS,1,nonfinal,pre2010,1,0.07692307692307693
DNS,DNS,2,final,2010-2019,4,0.6666666666666666
DNS,DNS,2,final,2020+,5,1.0
DNS,DNS,2,nonfinal,2010-2019,83,0.49700598802395207
DNS,DNS,2,nonfinal,2020+,68,0.8292682926829268
DNS,DNS,2,nonfinal,pre2010,14,0.7368421052631579
DNS,DNS,3,final,2010-2019,11,0.8461538461538461
DNS,DNS,3,final,2020+,30,0.9375
DNS,DNS,3,final,pre2010,4,0.8
DNS,DNS,3,nonfinal,2010-2019,273,0.8452012383900929
DNS,DNS,3,nonfinal,2020+,243,0.9604743083003953
DNS,DNS,3,nonfinal,pre2010,49,0.9074074074074074
DNS,DNS,4,final,2010-2019,29,0.9354838709677419
DNS,DNS,4,final,2020+,61,0.9838709677419355
DNS,DNS,4,final,pre2010,4,1.0
DNS,DNS,4,nonfinal,2010-2019,444,0.896969696969697
DNS,DNS,4,nonfinal,2020+,441,0.984375
DNS,DNS,4,nonfinal,pre2010,69,0.971830985915493
DNS,VALID,1,final,2010-2019,2,1.0
DNS,VALID,1,nonfinal,2010-2019,85,0.9239130434782609
DNS,VALID,1,nonfinal,2020+,7,1.0
DNS,VALID,1,nonfinal,pre2010,11,0.8461538461538461
DNS,VALID,2,final,2010-2019,2,0.3333333333333333
DNS,VALID,2,nonfinal,2010-2019,79,0.47305389221556887
DNS,VALID,2,nonfinal,2020+,13,0.15853658536585366
DNS,VALID,2,nonfinal,pre2010,5,0.2631578947368421
DNS,VALID,3,final,2010-2019,2,0.15384615384615385
DNS,VALID,3,final,2020+,2,0.0625
DNS,VALID,3,final,pre2010,1,0.2
DNS,VALID,3,nonfinal,2010-2019,49,0.15170278637770898
DNS,VALID,3,nonfinal,2020+,10,0.039525691699604744
DNS,VALID,3,nonfinal,pre2010,4,0.07407407407407407
DNS,VALID,4,final,2010-2019,2,0.06451612903225806
DNS,VALID,4,final,2020+,1,0.016129032258064516
DNS,VALID,4,nonfinal,2010-2019,48,0.09696969696969697
DNS,VALID,4,nonfinal,2020+,6,0.013392857142857142
DNS,VALID,4,nonfinal,pre2010,2,0.028169014084507043
VALID,DNF,1,final,2010-2019,1026,0.013808882907133243
VALID,DNF,1,final,2020+,1902,0.013400972310293807
VALID,DNF,1,final,pre2010,59,0.01398435648257881
VALID,DNF,1,nonfinal,2010-2019,13411,0.022618413152444495
VALID,DNF,1,nonfinal,2020+,17802,0.01808833839682169
VALID,DNF,1,nonfinal,pre2010,565,0.024112325025606007
VALID,DNF,2,final,2010-2019,1074,0.014462698626447617
VALID,DNF,2,final,2020+,1986,0.0139997180318624
VALID,DNF,2,final,pre2010,55,0.01307655729909653
VALID,DNF,2,nonfinal,2010-2019,12902,0.02180238944184396
VALID,DNF,2,nonfinal,2020+,18010,0.018314347832276777
VALID,DNF,2,nonfinal,pre2010,551,0.024422676299809407
VALID,DNF,3,final,2010-2019,1125,0.015163155553758441
VALID,DNF,3,final,2020+,2104,0.014847223202314587
VALID,DNF,3,final,pre2010,51,0.012186379928315413
VALID,DNF,3,nonfinal,2010-2019,12628,0.02135506946147277
VALID,DNF,3,nonfinal,2020+,17554,0.017856107482496355
VALID,DNF,3,nonfinal,pre2010,440,0.02181890310423485
VALID,DNF,4,final,2010-2019,1463,0.019739327540612014
VALID,DNF,4,final,2020+,2861,0.020214795449727974
VALID,DNF,4,final,pre2010,89,0.02124612079255192
VALID,DNF,4,nonfinal,2010-2019,13782,0.023300832993790165
VALID,DNF,4,nonfinal,2020+,20601,0.020949835714481838
VALID,DNF,4,nonfinal,pre2010,530,0.02626883425852498
VALID,DNF,7,final,2020+,1,0.012048192771084338
VALID,DNF,8,final,2020+,2,0.02564102564102564
VALID,DNF,9,final,2020+,2,0.028169014084507043
VALID,DNF,10,final,2020+,2,0.028985507246376812
VALID,DNF,12,final,2020+,2,0.029411764705882353
VALID,DNF,15,final,2020+,1,0.017543859649122806
VALID,DNF,16,final,2020+,2,0.03773584905660377
VALID,DNF,17,final,2020+,1,0.020833333333333332
VALID,DNF,20,final,2020+,2,0.05263157894736842
VALID,DNF,22,final,2020+,2,0.07142857142857142
VALID,DNF,26,final,2020+,1,0.058823529411764705
VALID,DNF,29,final,2020+,1,0.25
VALID,DNS,1,final,2010-2019,5,6.729475100942126e-05
VALID,DNS,1,final,2020+,3,2.113718030014796e-05
VALID,DNS,1,nonfinal,2010-2019,123,0.0002074464855529545
VALID,DNS,1,nonfinal,2020+,41,4.1659469400611685e-05
VALID,DNS,1,nonfinal,pre2010,15,0.0006401502219187436
VALID,DNS,2,final,2010-2019,5,6.733099919202801e-05
VALID,DNS,2,final,2020+,12,8.459044128013535e-05
VALID,DNS,2,final,pre2010,2,0.00047551117451260106
VALID,DNS,2,nonfinal,2010-2019,97,0.0001639150345573449
VALID,DNS,2,nonfinal,2020+,47,4.7794244759411906e-05
VALID,DNS,2,nonfinal,pre2010,43,0.0019059438854660698
VALID,DNS,3,final,2010-2019,6,8.087016295337835e-05
VALID,DNS,3,final,2020+,13,9.173664526144943e-05
VALID,DNS,3,nonfinal,2010-2019,91,0.0001538890814851142
VALID,DNS,3,nonfinal,2020+,57,5.7980980204072705e-05
VALID,DNS,3,nonfinal,pre2010,13,0.0006446494098978478
VALID,DNS,4,final,2010-2019,8,0.00010793890657887635
VALID,DNS,4,final,2020+,20,0.00014131279587366636
VALID,DNS,4,final,pre2010,2,0.00047744091668656003
VALID,DNS,4,nonfinal,2010-2019,160,0.00027050742120203356
VALID,DNS,4,nonfinal,2020+,185,0.00018813259585355758
VALID,DNS,4,nonfinal,pre2010,12,0.0005947660586835844
VALID,VALID,1,final,2010-2019,73269,0.9861238223418574
VALID,VALID,1,final,2020+,140025,0.986577890509406
VALID,VALID,1,final,pre2010,4160,0.9860156435174212
VALID,VALID,1,nonfinal,2010-2019,579390,0.9771741403620026
VALID,VALID,1,nonfinal,2020+,966327,0.9818700021337777
VALID,VALID,1,nonfinal,pre2010,22852,0.9752475247524752
VALID,VALID,2,final,2010-2019,73181,0.9854699703743603
VALID,VALID,2,final,2020+,139862,0.9859156915268574
VALID,VALID,2,final,pre2010,4149,0.9864479315263909
VALID,VALID,2,nonfinal,2010-2019,578771,0.9780336955235986
VALID,VALID,2,nonfinal,2020+,965325,0.9816378579229638
VALID,VALID,2,nonfinal,pre2010,21967,0.9736713798147245
VALID,VALID,3,final,2010-2019,73062,0.9847559742832882
VALID,VALID,3,final,2020+,139593,0.985061040152424
VALID,VALID,3,final,pre2010,4134,0.9878136200716846
VALID,VALID,3,nonfinal,2010-2019,578616,0.9784910414570421
VALID,VALID,3,nonfinal,2020+,965470,0.9820859115372995
VALID,VALID,3,nonfinal,pre2010,19713,0.9775364474858673
VALID,VALID,4,final,2010-2019,72645,0.9801527335528091
VALID,VALID,4,final,2020+,138649,0.9796438917543984
VALID,VALID,4,final,pre2010,4098,0.9782764382907615
VALID,VALID,4,nonfinal,2010-2019,577539,0.9764286595850078
VALID,VALID,4,nonfinal,2020+,962563,0.9788620316896646
VALID,VALID,4,nonfinal,pre2010,19634,0.9731363996827914
VALID,VALID,5,final,2020+,98,1.0
VALID,VALID,6,final,2020+,91,1.0
VALID,VALID,7,final,2020+,82,0.9879518072289156
VALID,VALID,8,final,2020+,76,0.9743589743589743
VALID,VALID,9,final,2020+,69,0.971830985915493
VALID,VALID,10,final,2020+,67,0.9710144927536232
VALID,VALID,11,final,2020+,66,1.0
VALID,VALID,12,final,2020+,66,0.9705882352941176
VALID,VALID,13,final,2020+,64,1.0
VALID,VALID,14,final,2020+,63,1.0
VALID,VALID,15,final,2020+,56,0.9824561403508771
VALID,VALID,16,final,2020+,51,0.9622641509433962
VALID,VALID,17,final,2020+,47,0.9791666666666666
VALID,VALID,18,final,2020+,44,1.0
VALID,VALID,19,final,2020+,42,1.0
VALID,VALID,20,final,2020+,36,0.9473684210526315
VALID,VALID,21,final,2020+,30,1.0
VALID,VALID,22,final,2020+,26,0.9285714285714286
VALID,VALID,23,final,2020+,23,1.0
VALID,VALID,24,final,2020+,19,1.0
VALID,VALID,25,final,2020+,18,1.0
VALID,VALID,26,final,2020+,16,0.9411764705882353
VALID,VALID,27,final,2020+,10,1.0
VALID,VALID,28,final,2020+,7,1.0
VALID,VALID,29,final,2020+,3,0.75
VALID,VALID,30,final,2020+,2,1.0
VALID,VALID,31,final,2020+,1,1.0
VALID,VALID,32,final,2020+,1,1.0
VALID,VALID,33,final,2020+,1,1.0
VALID,VALID,34,final,2020+,1,1.0
VALID,VALID,35,final,2020+,1,1.0
VALID,VALID,36,final,2020+,1,1.0
VALID,VALID,37,final,2020+,1,1.0
